sample_size,generator_class,avg_gen_ms,avg_test_ms,avg_gen_kib,avg_test_kib,avg_p_value,pass_rate
1000000,CSPRNG,921.1752529282821,35.072352360381046,983.453337890625,8137.669060546875,0.5003246753357906,0.98825
1000000,PR,0.2306730385753326,2.9521851727331523,977.2989375,8076.625363769531,0.125,0.125
1000000,PRNG,113.92896256863605,34.847023314639955,1104.1410078125,8138.96876763916,0.5256333582034622,0.9604375
1000000,TRNG,0.003099398920312524,35.09328370273579,0.09375,8137.669333984375,0.4949704013123069,0.98675
