sample_size,generator_class,avg_gen_ms,avg_test_ms,avg_gen_kib,avg_test_kib,avg_p_value,pass_rate
1000000,CSPRNG,906.041836015298,35.21490808503586,983.157697265625,8137.739388671875,0.5003246753357906,0.98825
1000000,PR,0.22415905428351834,2.8444700225882116,977.2990625,8076.695659667968,0.125,0.125
1000000,PRNG,114.01753856532741,35.21543356216716,1104.14098828125,8139.036408874512,0.5256333582034622,0.9604375
1000000,TRNG,0.003771984134800732,34.92407711036503,0.09375,8137.739639648437,0.4949704013123069,0.98675
