sample_size,generator_class,avg_gen_ms,avg_test_ms,avg_gen_kib,avg_test_kib,avg_p_value,pass_rate
100000,CSPRNG,96.14460382936522,3.592302248958731,103.216716796875,872.719607421875,0.5075048225593173,0.99025
100000,PR,0.032498117710929364,0.30533881246083183,98.3928125,866.6075288085938,0.125,0.125
100000,PRNG,11.132771980453981,3.6044984028449107,115.36525390625,874.0165342407226,0.5226228181854304,0.9594375
100000,TRNG,0.001779820304363966,3.6002931812399765,0.09390625,872.719755859375,0.496230752916833,0.98525
