sample_size,generator_class,avg_gen_ms,avg_test_ms,avg_gen_kib,avg_test_kib,avg_p_value,pass_rate,classical_pass_chance,classical_fail_chance,bayes_pass_chance,bayes_fail_chance,passrate_verdict,bayes_verdict,avg_classical_pass_chance,geo_classical_pass_chance,min_classical_pass_chance,avg_bayes_pass_chance,geo_bayes_pass_chance,min_bayes_pass_chance
1000,CSPRNG,1.2390855979319895,0.08747003547978238,6.5290234375,11.734248046875,0.39665254201231115,0.73675,0.73675,0.26325,0.0,1.0,FAIL,FAIL,0.73675,0.0009864076850499284,0.0,0.6202780112147814,4.4580608846071694e-05,0.0
1000,PR,0.011340876888425555,0.05125365160529327,1.7131015625,11.66519873046875,0.12500000000023267,0.125,0.125,0.875,0.0,1.0,FAIL,FAIL,0.125,3.162277660168382e-11,0.0,0.12499985465712145,3.162277200553612e-11,0.0
1000,PRNG,0.1360691184308962,0.1360147934365159,6.568458984375,13.031718811035157,0.40264158719824467,0.73375,0.73375,0.26625,0.0,1.0,FAIL,FAIL,0.73375,0.000983366380997393,0.0,0.5943869582359413,3.636398514770602e-05,0.0
1000,TRNG,0.0012823538709199056,0.08562866901957022,0.093859375,11.73447265625,0.38752955471059203,0.734,0.734,0.266,0.0,1.0,FAIL,FAIL,0.734,0.0009836422344782264,0.0,0.6171819355386536,3.1705517800513305e-05,0.0
1000000,CSPRNG,944.1731007358903,37.55646407077438,983.17682421875,8137.739719726563,0.5048543028150362,0.99,0.99,0.010000000000000009,0.9954441403517937,0.004555859648206262,PASS,PASS,0.99,0.9899969696830563,0.986,0.976477296799659,0.976200355859094,0.9253799116833115
1000000,PR,0.22281453682808205,2.9347513790153243,977.2990625,8076.695608886719,0.125,0.125,0.125,0.875,0.0,1.0,FAIL,FAIL,0.125,3.162277660168382e-11,0.0,0.12499985465712145,3.162277200553612e-11,0.0
1000000,PRNG,120.80817393356847,37.39556547460734,1104.139671875,8137.73976977539,0.5246736486762279,0.9595625,0.9595625,0.040437500000000015,0.0,1.0,FAIL,FAIL,0.9595625,0.41781424483748575,0.0,0.9115100245838045,0.39512151774908133,0.0
1000000,TRNG,0.0035102698748232797,37.28606175792811,0.09375,8137.739942382813,0.4949704013123069,0.98675,0.98675,0.013249999999999984,0.7773744046640717,0.2226255953359283,PASS,FAIL,0.98675,0.9867357647263726,0.974,0.8823881103915743,0.8412386750572555,0.3328062112071708
