sample_size,generator_class,avg_gen_ms,avg_test_ms,avg_gen_kib,avg_test_kib,avg_p_value,pass_rate,empirical_pass_rate,empirical_fail_rate,posterior_pass_threshold_probability,posterior_fail_threshold_probability,passrate_verdict,bayes_verdict,avg_empirical_pass_rate,geo_empirical_pass_rate,min_empirical_pass_rate,avg_posterior_pass_threshold_probability,geo_posterior_pass_threshold_probability,min_posterior_pass_threshold_probability
1000,CSPRNG,1.2234348978381604,0.08459035179839702,6.4488984375,11.745791015625,0.3949532617504119,0.73275,0.73275,0.26725,0.0,1.0,FAIL,FAIL,0.73275,0.0009824022949353787,0.0,0.6103809147036338,3.1487212406763157e-05,0.0
1000,PR,0.014517999574309215,0.04874199805999524,1.71303125,11.67537353515625,0.12500000000023267,0.125,0.125,0.875,0.0,1.0,FAIL,FAIL,0.125,3.162277660168382e-11,0.0,0.12499985465712145,3.162277200553612e-11,0.0
1000,PRNG,0.8927432254422456,0.12445561487947997,6.572990234375,12.901516418457032,0.4071684336918821,0.7353125,0.7353125,0.26468749999999996,0.0,1.0,FAIL,FAIL,0.7353125,0.000985068399967475,0.0,0.5804965628559504,9.974010309126528e-05,0.0
1000,TRNG,0.001719603082165122,0.08444573927408783,0.09384375,11.746001953125,0.38752955471059203,0.734,0.734,0.266,0.0,1.0,FAIL,FAIL,0.734,0.0009836422344782264,0.0,0.6171819355386536,3.1705517800513305e-05,0.0
1000000,CSPRNG,969.5794352837256,39.858336539058655,982.955126953125,8139.82366015625,0.5063311789769793,0.99125,0.99125,0.008750000000000036,0.9996199217447327,0.0003800782552673132,PASS,PASS,0.99125,0.9912470086841108,0.988,0.9871905654627109,0.9871326664704033,0.9639016175894787
1000000,PR,0.23340433405246586,3.9890309078691644,977.298875,8077.778933105469,0.125,0.125,0.125,0.875,0.0,1.0,FAIL,FAIL,0.125,3.162277660168382e-11,0.0,0.12499985465712145,3.162277200553612e-11,0.0
1000000,PRNG,122.3544720326172,39.86999227725937,1104.1370078125,8139.826579589844,0.5244607412743185,0.9606875,0.9606875,0.03931249999999997,0.0,1.0,FAIL,FAIL,0.9606874999999999,0.41828946945174567,0.0,0.9250950535603558,0.40059808989209783,0.0
1000000,TRNG,0.0030689287232235074,39.882529254427936,0.09375,8139.8265625,0.4945247983558506,0.98975,0.98975,0.010249999999999981,0.9930478064603678,0.006952193539632168,PASS,PASS,0.98975,0.9897427239909947,0.986,0.9657835754714392,0.9652585796116993,0.9253799116833115
