sample_size,generator_class,avg_gen_ms,avg_test_ms,avg_gen_kib,avg_test_kib,avg_p_value,pass_rate,empirical_pass_rate,empirical_fail_rate,posterior_pass_threshold_probability,posterior_fail_threshold_probability,passrate_verdict,bayes_verdict,avg_empirical_pass_rate,geo_empirical_pass_rate,min_empirical_pass_rate,avg_posterior_pass_threshold_probability,geo_posterior_pass_threshold_probability,min_posterior_pass_threshold_probability
1000,CSPRNG,1.2407257701270282,0.08714234511717223,6.5290859375,11.734248046875,0.39665254201231115,0.73675,0.73675,0.26325,0.0,1.0,FAIL,FAIL,0.73675,0.0009864076850499284,0.0,0.6202780112147814,4.4580608846071694e-05,0.0
1000,PR,0.013658778829267249,0.04944843359589868,1.7131015625,11.66519873046875,0.12500000000023267,0.125,0.125,0.875,0.0,1.0,FAIL,FAIL,0.125,3.162277660168382e-11,0.0,0.12499985465712145,3.162277200553612e-11,0.0
1000,PRNG,0.13643006069469266,0.1281792123481864,6.568474609375,13.031193420410156,0.40264158719824467,0.73375,0.73375,0.26625,0.0,1.0,FAIL,FAIL,0.73375,0.000983366380997393,0.0,0.5943869582359413,3.636398514770602e-05,0.0
1000,TRNG,0.0014899038069415838,0.09165510725870263,0.093859375,11.73447265625,0.38752955471059203,0.734,0.734,0.266,0.0,1.0,FAIL,FAIL,0.734,0.0009836422344782264,0.0,0.6171819355386536,3.1705517800513305e-05,0.0
1000000,CSPRNG,953.7069612401538,37.47651460448105,983.17429296875,8137.739903320313,0.5048543028150362,0.99,0.99,0.010000000000000009,0.9954441403517937,0.004555859648206262,PASS,PASS,0.99,0.9899969696830563,0.986,0.976477296799659,0.976200355859094,0.9253799116833115
1000000,PR,0.2271793839900056,2.9664759406914527,977.2990625,8076.695711425781,0.125,0.125,0.125,0.875,0.0,1.0,FAIL,FAIL,0.125,3.162277660168382e-11,0.0,0.12499985465712145,3.162277200553612e-11,0.0
1000000,PRNG,119.37645331235399,37.69961549034451,1104.1409453125,8137.739585205078,0.5246736486762279,0.9595625,0.9595625,0.040437500000000015,0.0,1.0,FAIL,FAIL,0.9595625,0.41781424483748575,0.0,0.9115100245838045,0.39512151774908133,0.0
1000000,TRNG,0.003513573930831626,38.403939960371645,0.09375,8137.740219726563,0.4949704013123069,0.98675,0.98675,0.013249999999999984,0.7773744046640717,0.2226255953359283,PASS,FAIL,0.98675,0.9867357647263726,0.974,0.8823881103915743,0.8412386750572555,0.3328062112071708
